{ "wii" : [
{ "date": "April 1, 2013", "avg" : 4.25, "num" : 36},
{ "date": "August 1, 2013", "avg" : 4.174, "num" : 23},
{ "date": "December 1, 2012", "avg" : 3.851, "num" : 94},
{ "date": "February 1, 2013", "avg" : 3.946, "num" : 37},
{ "date": "February 1, 2014", "avg" : 3.8, "num" : 15},
{ "date": "January 1, 2013", "avg" : 4.069, "num" : 58},
{ "date": "January 1, 2014", "avg" : 3.609, "num" : 23},
{ "date": "July 1, 2013", "avg" : 4.538, "num" : 26},
{ "date": "June 1, 2013", "avg" : 4.087, "num" : 23},
{ "date": "March 1, 2013", "avg" : 3.926, "num" : 27},
{ "date": "May 1, 2013", "avg" : 4.16, "num" : 25},
{ "date": "November 1, 2012", "avg" : 4.098, "num" : 82},
{ "date": "November 1, 2013", "avg" : 3.885, "num" : 26},
{ "date": "October 1, 2012", "avg" : 5.0, "num" : 1},
{ "date": "October 1, 2013", "avg" : 4.77, "num" : 13},
{ "date": "September 1, 2012", "avg" : 3.0, "num" : 1},
{ "date": "September 1, 2013", "avg" : 4.353, "num" : 17}],
"xbox": [
{ "date": "December 1, 2013", "avg" : 3.827, "num" : 988},
{ "date": "February 1, 2014", "avg" : 3.686, "num" : 261},
{ "date": "January 1, 2014", "avg" : 3.982, "num" : 792},
{ "date": "November 1, 2013", "avg" : 3.844, "num" : 1656},
{ "date": "March 1, 2014", "avg" : 2.667, "num" : 3}],
"ps4": [
{ "date": "December 1, 2013", "avg" : 3.997, "num" : 770},
{ "date": "February 1, 2014", "avg" : 4.143, "num" : 532},
{ "date": "January 1, 2014", "avg" : 4.289, "num" : 714},
{ "date": "November 1, 2013", "avg" : 3.974, "num" : 3887},
{ "date": "March 1, 2014", "avg" : 3.429, "num" : 7}
]}