{ "reviews": [
{ "month": "December", "year": 2013, "rating": 5 } , { "month": "December", "year": 2013, "rating": 5 } , { "month": "December", "year": 2013, "rating": 5 } , { "month": "December", "year": 2013, "rating": 5 } , { "month": "December", "year": 2013, "rating": 1 } , { "month": "December", "year": 2013, "rating": 5 } , { "month": "December", "year": 2013, "rating": 5 } , { "month": "December", "year": 2013, "rating": 5 } , { "month": "December", "year": 2013, "rating": 1 } , { "month": "December", "year": 2013, "rating": 5 } , 
{ "month": "February", "year": 2014, "rating": 4 } , { "month": "February", "year": 2014, "rating": 5 } , { "month": "February", "year": 2014, "rating": 2 } , { "month": "February", "year": 2014, "rating": 5 } , { "month": "February", "year": 2014, "rating": 3 } , { "month": "January", "year": 2014, "rating": 2 } , { "month": "January", "year": 2014, "rating": 5 } , { "month": "January", "year": 2014, "rating": 1 } , { "month": "January", "year": 2014, "rating": 4 } , { "month": "January", "year": 2014, "rating": 4 } , 
{ "month": "January", "year": 2014, "rating": 4 } , { "month": "January", "year": 2014, "rating": 5 } , { "month": "January", "year": 2014, "rating": 2 } , { "month": "January", "year": 2014, "rating": 5 } , { "month": "January", "year": 2014, "rating": 5 } , { "month": "January", "year": 2014, "rating": 3 } , { "month": "January", "year": 2014, "rating": 5 } , { "month": "January", "year": 2014, "rating": 5 } , { "month": "January", "year": 2014, "rating": 1 } , { "month": "January", "year": 2014, "rating": 5 } , 
{ "month": "February", "year": 2014, "rating": 5 } , { "month": "February", "year": 2014, "rating": 5 } , { "month": "February", "year": 2014, "rating": 5 } , { "month": "February", "year": 2014, "rating": 5 } , { "month": "February", "year": 2014, "rating": 2 } , { "month": "February", "year": 2014, "rating": 5 } , { "month": "February", "year": 2014, "rating": 5 } , { "month": "February", "year": 2014, "rating": 1 } , { "month": "February", "year": 2014, "rating": 1 } , { "month": "February", "year": 2014, "rating": 4 } , 
{ "month": "January", "year": 2014, "rating": 4 } , { "month": "January", "year": 2014, "rating": 1 } , { "month": "January", "year": 2014, "rating": 5 } , { "month": "January", "year": 2014, "rating": 5 } , { "month": "January", "year": 2014, "rating": 1 } , { "month": "January", "year": 2014, "rating": 5 } , { "month": "January", "year": 2014, "rating": 1 } , { "month": "January", "year": 2014, "rating": 5 } , { "month": "December", "year": 2013, "rating": 5 } , { "month": "December", "year": 2013, "rating": 2 } , 
{ "month": "December", "year": 2013, "rating": 5 } , { "month": "December", "year": 2013, "rating": 5 } , { "month": "December", "year": 2013, "rating": 5 } , { "month": "December", "year": 2013, "rating": 5 } , { "month": "December", "year": 2013, "rating": 5 } , { "month": "December", "year": 2013, "rating": 5 } , { "month": "December", "year": 2013, "rating": 3 } , { "month": "December", "year": 2013, "rating": 5 } , { "month": "December", "year": 2013, "rating": 5 } , { "month": "December", "year": 2013, "rating": 5 } , 
{ "month": "December", "year": 2013, "rating": 5 } , { "month": "November", "year": 2013, "rating": 5 } , { "month": "November", "year": 2013, "rating": 1 } , { "month": "November", "year": 2013, "rating": 5 } , { "month": "November", "year": 2013, "rating": 5 } , { "month": "November", "year": 2013, "rating": 2 } , { "month": "November", "year": 2013, "rating": 1 } , { "month": "November", "year": 2013, "rating": 1 } , { "month": "November", "year": 2013, "rating": 5 } , { "month": "November", "year": 2013, "rating": 4 } , 
{ "month": "November", "year": 2013, "rating": 3 } , { "month": "November", "year": 2013, "rating": 2 } , { "month": "November", "year": 2013, "rating": 5 } , { "month": "November", "year": 2013, "rating": 2 } , { "month": "November", "year": 2013, "rating": 4 } , { "month": "November", "year": 2013, "rating": 5 } , { "month": "November", "year": 2013, "rating": 5 } , { "month": "November", "year": 2013, "rating": 5 } , { "month": "November", "year": 2013, "rating": 5 } , { "month": "November", "year": 2013, "rating": 5 } , 
{ "month": "November", "year": 2013, "rating": 5 } , { "month": "November", "year": 2013, "rating": 5 } , { "month": "November", "year": 2013, "rating": 5 } , { "month": "November", "year": 2013, "rating": 5 } , { "month": "November", "year": 2013, "rating": 1 } , { "month": "November", "year": 2013, "rating": 5 } , { "month": "November", "year": 2013, "rating": 5 } , { "month": "October", "year": 2013, "rating": 4 } , { "month": "October", "year": 2013, "rating": 5 } , { "month": "October", "year": 2013, "rating": 5 } , 
{ "month": "October", "year": 2013, "rating": 4 } , { "month": "October", "year": 2013, "rating": 5 } , { "month": "October", "year": 2013, "rating": 5 } , { "month": "October", "year": 2013, "rating": 5 } , { "month": "October", "year": 2013, "rating": 5 } , { "month": "October", "year": 2013, "rating": 5 } , { "month": "October", "year": 2013, "rating": 5 } , { "month": "October", "year": 2013, "rating": 4 } , { "month": "October", "year": 2013, "rating": 5 } , { "month": "October", "year": 2013, "rating": 5 } , 
{ "month": "September", "year": 2013, "rating": 1 } , { "month": "September", "year": 2013, "rating": 5 } , { "month": "September", "year": 2013, "rating": 5 } , { "month": "September", "year": 2013, "rating": 4 } , { "month": "September", "year": 2013, "rating": 5 } , { "month": "September", "year": 2013, "rating": 5 } , { "month": "September", "year": 2013, "rating": 5 } , { "month": "September", "year": 2013, "rating": 5 } , { "month": "September", "year": 2013, "rating": 5 } , { "month": "September", "year": 2013, "rating": 2 } , 
{ "month": "September", "year": 2013, "rating": 4 } , { "month": "September", "year": 2013, "rating": 4 } , { "month": "September", "year": 2013, "rating": 5 } , { "month": "September", "year": 2013, "rating": 5 } , { "month": "September", "year": 2013, "rating": 5 } , { "month": "September", "year": 2013, "rating": 5 } , { "month": "September", "year": 2013, "rating": 4 } , { "month": "August", "year": 2013, "rating": 5 } , { "month": "August", "year": 2013, "rating": 5 } , { "month": "August", "year": 2013, "rating": 5 } , 
{ "month": "August", "year": 2013, "rating": 1 } , { "month": "August", "year": 2013, "rating": 5 } , { "month": "August", "year": 2013, "rating": 5 } , { "month": "August", "year": 2013, "rating": 5 } , { "month": "August", "year": 2013, "rating": 5 } , { "month": "August", "year": 2013, "rating": 5 } , { "month": "August", "year": 2013, "rating": 5 } , { "month": "August", "year": 2013, "rating": 5 } , { "month": "August", "year": 2013, "rating": 4 } , { "month": "August", "year": 2013, "rating": 4 } , 
{ "month": "August", "year": 2013, "rating": 1 } , { "month": "August", "year": 2013, "rating": 5 } , { "month": "August", "year": 2013, "rating": 4 } , { "month": "August", "year": 2013, "rating": 4 } , { "month": "August", "year": 2013, "rating": 1 } , { "month": "August", "year": 2013, "rating": 4 } , { "month": "August", "year": 2013, "rating": 5 } , { "month": "August", "year": 2013, "rating": 5 } , { "month": "August", "year": 2013, "rating": 3 } , { "month": "August", "year": 2013, "rating": 5 } , 
{ "month": "July", "year": 2013, "rating": 4 } , { "month": "July", "year": 2013, "rating": 5 } , { "month": "July", "year": 2013, "rating": 5 } , { "month": "July", "year": 2013, "rating": 5 } , { "month": "July", "year": 2013, "rating": 5 } , { "month": "July", "year": 2013, "rating": 2 } , { "month": "July", "year": 2013, "rating": 5 } , { "month": "July", "year": 2013, "rating": 5 } , { "month": "July", "year": 2013, "rating": 5 } , { "month": "July", "year": 2013, "rating": 5 } , 
{ "month": "July", "year": 2013, "rating": 5 } , { "month": "July", "year": 2013, "rating": 5 } , { "month": "July", "year": 2013, "rating": 5 } , { "month": "July", "year": 2013, "rating": 5 } , { "month": "July", "year": 2013, "rating": 5 } , { "month": "July", "year": 2013, "rating": 3 } , { "month": "July", "year": 2013, "rating": 5 } , { "month": "July", "year": 2013, "rating": 5 } , { "month": "July", "year": 2013, "rating": 1 } , { "month": "July", "year": 2013, "rating": 5 } , 
{ "month": "July", "year": 2013, "rating": 4 } , { "month": "July", "year": 2013, "rating": 5 } , { "month": "July", "year": 2013, "rating": 5 } , { "month": "July", "year": 2013, "rating": 5 } , { "month": "July", "year": 2013, "rating": 5 } , { "month": "July", "year": 2013, "rating": 4 } , { "month": "June", "year": 2013, "rating": 3 } , { "month": "June", "year": 2013, "rating": 2 } , { "month": "June", "year": 2013, "rating": 5 } , { "month": "June", "year": 2013, "rating": 4 } , 
{ "month": "June", "year": 2013, "rating": 4 } , { "month": "June", "year": 2013, "rating": 5 } , { "month": "June", "year": 2013, "rating": 5 } , { "month": "June", "year": 2013, "rating": 5 } , { "month": "June", "year": 2013, "rating": 5 } , { "month": "June", "year": 2013, "rating": 5 } , { "month": "June", "year": 2013, "rating": 3 } , { "month": "June", "year": 2013, "rating": 5 } , { "month": "June", "year": 2013, "rating": 5 } , { "month": "June", "year": 2013, "rating": 5 } , 
{ "month": "June", "year": 2013, "rating": 1 } , { "month": "June", "year": 2013, "rating": 5 } , { "month": "June", "year": 2013, "rating": 5 } , { "month": "June", "year": 2013, "rating": 5 } , { "month": "June", "year": 2013, "rating": 1 } , { "month": "June", "year": 2013, "rating": 5 } , { "month": "June", "year": 2013, "rating": 4 } , { "month": "June", "year": 2013, "rating": 2 } , { "month": "June", "year": 2013, "rating": 5 } , { "month": "May", "year": 2013, "rating": 4 } , 
{ "month": "May", "year": 2013, "rating": 5 } , { "month": "May", "year": 2013, "rating": 1 } , { "month": "May", "year": 2013, "rating": 5 } , { "month": "May", "year": 2013, "rating": 5 } , { "month": "May", "year": 2013, "rating": 5 } , { "month": "May", "year": 2013, "rating": 5 } , { "month": "May", "year": 2013, "rating": 5 } , { "month": "May", "year": 2013, "rating": 5 } , { "month": "May", "year": 2013, "rating": 5 } , { "month": "May", "year": 2013, "rating": 5 } , 
{ "month": "May", "year": 2013, "rating": 4 } , { "month": "May", "year": 2013, "rating": 5 } , { "month": "May", "year": 2013, "rating": 4 } , { "month": "May", "year": 2013, "rating": 5 } , { "month": "May", "year": 2013, "rating": 5 } , { "month": "May", "year": 2013, "rating": 5 } , { "month": "May", "year": 2013, "rating": 2 } , { "month": "May", "year": 2013, "rating": 2 } , { "month": "May", "year": 2013, "rating": 5 } , { "month": "May", "year": 2013, "rating": 3 } , 
{ "month": "May", "year": 2013, "rating": 5 } , { "month": "May", "year": 2013, "rating": 1 } , { "month": "May", "year": 2013, "rating": 5 } , { "month": "May", "year": 2013, "rating": 3 } , { "month": "April", "year": 2013, "rating": 5 } , { "month": "April", "year": 2013, "rating": 5 } , { "month": "April", "year": 2013, "rating": 4 } , { "month": "April", "year": 2013, "rating": 1 } , { "month": "April", "year": 2013, "rating": 5 } , { "month": "April", "year": 2013, "rating": 4 } , 
{ "month": "April", "year": 2013, "rating": 5 } , { "month": "April", "year": 2013, "rating": 1 } , { "month": "April", "year": 2013, "rating": 5 } , { "month": "April", "year": 2013, "rating": 5 } , { "month": "April", "year": 2013, "rating": 5 } , { "month": "April", "year": 2013, "rating": 4 } , { "month": "April", "year": 2013, "rating": 5 } , { "month": "April", "year": 2013, "rating": 5 } , { "month": "April", "year": 2013, "rating": 5 } , { "month": "April", "year": 2013, "rating": 1 } , 
{ "month": "April", "year": 2013, "rating": 1 } , { "month": "April", "year": 2013, "rating": 5 } , { "month": "April", "year": 2013, "rating": 4 } , { "month": "April", "year": 2013, "rating": 5 } , { "month": "April", "year": 2013, "rating": 1 } , { "month": "April", "year": 2013, "rating": 5 } , { "month": "April", "year": 2013, "rating": 5 } , { "month": "April", "year": 2013, "rating": 5 } , { "month": "April", "year": 2013, "rating": 4 } , { "month": "April", "year": 2013, "rating": 5 } , 
{ "month": "April", "year": 2013, "rating": 5 } , { "month": "April", "year": 2013, "rating": 5 } , { "month": "April", "year": 2013, "rating": 5 } , { "month": "April", "year": 2013, "rating": 4 } , { "month": "April", "year": 2013, "rating": 5 } , { "month": "April", "year": 2013, "rating": 5 } , { "month": "April", "year": 2013, "rating": 5 } , { "month": "April", "year": 2013, "rating": 5 } , { "month": "April", "year": 2013, "rating": 5 } , { "month": "April", "year": 2013, "rating": 4 } , 
{ "month": "March", "year": 2013, "rating": 1 } , { "month": "March", "year": 2013, "rating": 4 } , { "month": "March", "year": 2013, "rating": 2 } , { "month": "March", "year": 2013, "rating": 4 } , { "month": "March", "year": 2013, "rating": 5 } , { "month": "March", "year": 2013, "rating": 5 } , { "month": "March", "year": 2013, "rating": 2 } , { "month": "March", "year": 2013, "rating": 2 } , { "month": "March", "year": 2013, "rating": 4 } , { "month": "March", "year": 2013, "rating": 5 } , 
{ "month": "March", "year": 2013, "rating": 5 } , { "month": "March", "year": 2013, "rating": 5 } , { "month": "March", "year": 2013, "rating": 5 } , { "month": "March", "year": 2013, "rating": 5 } , { "month": "March", "year": 2013, "rating": 5 } , { "month": "March", "year": 2013, "rating": 5 } , { "month": "March", "year": 2013, "rating": 1 } , { "month": "March", "year": 2013, "rating": 1 } , { "month": "March", "year": 2013, "rating": 5 } , { "month": "March", "year": 2013, "rating": 5 } , 
{ "month": "March", "year": 2013, "rating": 3 } , { "month": "March", "year": 2013, "rating": 5 } , { "month": "March", "year": 2013, "rating": 5 } , { "month": "March", "year": 2013, "rating": 5 } , { "month": "March", "year": 2013, "rating": 4 } , { "month": "March", "year": 2013, "rating": 5 } , { "month": "March", "year": 2013, "rating": 3 } , { "month": "February", "year": 2013, "rating": 3 } , { "month": "February", "year": 2013, "rating": 4 } , { "month": "February", "year": 2013, "rating": 1 } , 
{ "month": "February", "year": 2013, "rating": 5 } , { "month": "February", "year": 2013, "rating": 5 } , { "month": "February", "year": 2013, "rating": 5 } , { "month": "February", "year": 2013, "rating": 5 } , { "month": "February", "year": 2013, "rating": 5 } , { "month": "February", "year": 2013, "rating": 4 } , { "month": "February", "year": 2013, "rating": 5 } , { "month": "February", "year": 2013, "rating": 5 } , { "month": "February", "year": 2013, "rating": 5 } , { "month": "February", "year": 2013, "rating": 4 } , 
{ "month": "February", "year": 2013, "rating": 5 } , { "month": "February", "year": 2013, "rating": 5 } , { "month": "February", "year": 2013, "rating": 5 } , { "month": "February", "year": 2013, "rating": 5 } , { "month": "February", "year": 2013, "rating": 5 } , { "month": "February", "year": 2013, "rating": 1 } , { "month": "February", "year": 2013, "rating": 1 } , { "month": "February", "year": 2013, "rating": 5 } , { "month": "February", "year": 2013, "rating": 5 } , { "month": "February", "year": 2013, "rating": 3 } , 
{ "month": "February", "year": 2013, "rating": 3 } , { "month": "February", "year": 2013, "rating": 4 } , { "month": "February", "year": 2013, "rating": 5 } , { "month": "February", "year": 2013, "rating": 1 } , { "month": "February", "year": 2013, "rating": 5 } , { "month": "February", "year": 2013, "rating": 1 } , { "month": "February", "year": 2013, "rating": 5 } , { "month": "February", "year": 2013, "rating": 5 } , { "month": "February", "year": 2013, "rating": 4 } , { "month": "February", "year": 2013, "rating": 1 } , 
{ "month": "February", "year": 2013, "rating": 1 } , { "month": "February", "year": 2013, "rating": 5 } , { "month": "February", "year": 2013, "rating": 5 } , { "month": "February", "year": 2013, "rating": 5 } , { "month": "January", "year": 2013, "rating": 5 } , { "month": "January", "year": 2013, "rating": 2 } , { "month": "January", "year": 2013, "rating": 5 } , { "month": "January", "year": 2013, "rating": 1 } , { "month": "January", "year": 2013, "rating": 1 } , { "month": "January", "year": 2013, "rating": 5 } , 
{ "month": "January", "year": 2013, "rating": 3 } , { "month": "January", "year": 2013, "rating": 5 } , { "month": "January", "year": 2013, "rating": 5 } , { "month": "January", "year": 2013, "rating": 5 } , { "month": "January", "year": 2013, "rating": 5 } , { "month": "January", "year": 2013, "rating": 5 } , { "month": "January", "year": 2013, "rating": 5 } , { "month": "January", "year": 2013, "rating": 5 } , { "month": "January", "year": 2013, "rating": 5 } , { "month": "January", "year": 2013, "rating": 4 } , 
{ "month": "January", "year": 2013, "rating": 4 } , { "month": "January", "year": 2013, "rating": 5 } , { "month": "January", "year": 2013, "rating": 1 } , { "month": "January", "year": 2013, "rating": 5 } , { "month": "January", "year": 2013, "rating": 5 } , { "month": "January", "year": 2013, "rating": 5 } , { "month": "January", "year": 2013, "rating": 5 } , { "month": "January", "year": 2013, "rating": 5 } , { "month": "January", "year": 2013, "rating": 4 } , { "month": "January", "year": 2013, "rating": 5 } , 
{ "month": "January", "year": 2013, "rating": 5 } , { "month": "January", "year": 2013, "rating": 5 } , { "month": "January", "year": 2013, "rating": 5 } , { "month": "January", "year": 2013, "rating": 5 } , { "month": "January", "year": 2013, "rating": 2 } , { "month": "January", "year": 2013, "rating": 1 } , { "month": "January", "year": 2013, "rating": 4 } , { "month": "January", "year": 2013, "rating": 4 } , { "month": "January", "year": 2013, "rating": 5 } , { "month": "January", "year": 2013, "rating": 1 } , 
{ "month": "January", "year": 2013, "rating": 5 } , { "month": "January", "year": 2013, "rating": 4 } , { "month": "January", "year": 2013, "rating": 5 } , { "month": "January", "year": 2013, "rating": 1 } , { "month": "January", "year": 2013, "rating": 5 } , { "month": "January", "year": 2013, "rating": 5 } , { "month": "January", "year": 2013, "rating": 5 } , { "month": "January", "year": 2013, "rating": 5 } , { "month": "January", "year": 2013, "rating": 5 } , { "month": "January", "year": 2013, "rating": 5 } , 
{ "month": "January", "year": 2013, "rating": 5 } , { "month": "January", "year": 2013, "rating": 3 } , { "month": "January", "year": 2013, "rating": 1 } , { "month": "January", "year": 2013, "rating": 5 } , { "month": "January", "year": 2013, "rating": 4 } , { "month": "January", "year": 2013, "rating": 5 } , { "month": "January", "year": 2013, "rating": 5 } , { "month": "January", "year": 2013, "rating": 4 } , { "month": "January", "year": 2013, "rating": 1 } , { "month": "January", "year": 2013, "rating": 1 } , 
{ "month": "January", "year": 2013, "rating": 5 } , { "month": "January", "year": 2013, "rating": 5 } , { "month": "December", "year": 2012, "rating": 4 } , { "month": "December", "year": 2012, "rating": 1 } , { "month": "December", "year": 2012, "rating": 2 } , { "month": "December", "year": 2012, "rating": 5 } , { "month": "December", "year": 2012, "rating": 5 } , { "month": "December", "year": 2012, "rating": 5 } , { "month": "December", "year": 2012, "rating": 2 } , { "month": "December", "year": 2012, "rating": 3 } , 
{ "month": "December", "year": 2012, "rating": 5 } , { "month": "December", "year": 2012, "rating": 3 } , { "month": "December", "year": 2012, "rating": 5 } , { "month": "December", "year": 2012, "rating": 4 } , { "month": "December", "year": 2012, "rating": 5 } , { "month": "December", "year": 2012, "rating": 5 } , { "month": "December", "year": 2012, "rating": 5 } , { "month": "December", "year": 2012, "rating": 5 } , { "month": "December", "year": 2012, "rating": 5 } , { "month": "December", "year": 2012, "rating": 1 } , 
{ "month": "December", "year": 2012, "rating": 5 } , { "month": "December", "year": 2012, "rating": 5 } , { "month": "December", "year": 2012, "rating": 2 } , { "month": "December", "year": 2012, "rating": 4 } , { "month": "December", "year": 2012, "rating": 3 } , { "month": "December", "year": 2012, "rating": 4 } , { "month": "December", "year": 2012, "rating": 4 } , { "month": "December", "year": 2012, "rating": 1 } , { "month": "December", "year": 2012, "rating": 4 } , { "month": "December", "year": 2012, "rating": 5 } , 
{ "month": "December", "year": 2012, "rating": 1 } , { "month": "December", "year": 2012, "rating": 1 } , { "month": "December", "year": 2012, "rating": 5 } , { "month": "December", "year": 2012, "rating": 3 } , { "month": "December", "year": 2012, "rating": 3 } , { "month": "December", "year": 2012, "rating": 5 } , { "month": "December", "year": 2012, "rating": 5 } , { "month": "December", "year": 2012, "rating": 5 } , { "month": "December", "year": 2012, "rating": 5 } , { "month": "December", "year": 2012, "rating": 5 } , 
{ "month": "December", "year": 2012, "rating": 1 } , { "month": "December", "year": 2012, "rating": 5 } , { "month": "December", "year": 2012, "rating": 5 } , { "month": "December", "year": 2012, "rating": 5 } , { "month": "December", "year": 2012, "rating": 5 } , { "month": "December", "year": 2012, "rating": 4 } , { "month": "December", "year": 2012, "rating": 5 } , { "month": "December", "year": 2012, "rating": 5 } , { "month": "December", "year": 2012, "rating": 5 } , { "month": "December", "year": 2012, "rating": 5 } , 
{ "month": "December", "year": 2012, "rating": 5 } , { "month": "December", "year": 2012, "rating": 5 } , { "month": "December", "year": 2012, "rating": 3 } , { "month": "December", "year": 2012, "rating": 5 } , { "month": "December", "year": 2012, "rating": 3 } , { "month": "December", "year": 2012, "rating": 5 } , { "month": "December", "year": 2012, "rating": 5 } , { "month": "December", "year": 2012, "rating": 3 } , { "month": "December", "year": 2012, "rating": 3 } , { "month": "December", "year": 2012, "rating": 5 } , 
{ "month": "December", "year": 2012, "rating": 4 } , { "month": "December", "year": 2012, "rating": 3 } , { "month": "December", "year": 2012, "rating": 5 } , { "month": "December", "year": 2012, "rating": 1 } , { "month": "December", "year": 2012, "rating": 5 } , { "month": "December", "year": 2012, "rating": 5 } , { "month": "December", "year": 2012, "rating": 5 } , { "month": "December", "year": 2012, "rating": 5 } , { "month": "December", "year": 2012, "rating": 4 } , { "month": "December", "year": 2012, "rating": 4 } , 
{ "month": "December", "year": 2012, "rating": 1 } , { "month": "December", "year": 2012, "rating": 1 } , { "month": "December", "year": 2012, "rating": 2 } , { "month": "December", "year": 2012, "rating": 2 } , { "month": "December", "year": 2012, "rating": 5 } , { "month": "December", "year": 2012, "rating": 2 } , { "month": "December", "year": 2012, "rating": 4 } , { "month": "December", "year": 2012, "rating": 5 } , { "month": "December", "year": 2012, "rating": 1 } , { "month": "December", "year": 2012, "rating": 5 } , 
{ "month": "December", "year": 2012, "rating": 5 } , { "month": "December", "year": 2012, "rating": 4 } , { "month": "December", "year": 2012, "rating": 1 } , { "month": "December", "year": 2012, "rating": 2 } , { "month": "December", "year": 2012, "rating": 5 } , { "month": "December", "year": 2012, "rating": 5 } , { "month": "December", "year": 2012, "rating": 3 } , { "month": "December", "year": 2012, "rating": 5 } , { "month": "December", "year": 2012, "rating": 2 } , { "month": "December", "year": 2012, "rating": 2 } , 
{ "month": "December", "year": 2012, "rating": 5 } , { "month": "December", "year": 2012, "rating": 5 } , { "month": "December", "year": 2012, "rating": 3 } , { "month": "December", "year": 2012, "rating": 4 } , { "month": "December", "year": 2012, "rating": 5 } , { "month": "December", "year": 2012, "rating": 5 } , { "month": "November", "year": 2012, "rating": 5 } , { "month": "November", "year": 2012, "rating": 5 } , { "month": "November", "year": 2012, "rating": 4 } , { "month": "November", "year": 2012, "rating": 5 } , 
{ "month": "November", "year": 2012, "rating": 3 } , { "month": "November", "year": 2012, "rating": 4 } , { "month": "November", "year": 2012, "rating": 5 } , { "month": "November", "year": 2012, "rating": 5 } , { "month": "November", "year": 2012, "rating": 4 } , { "month": "November", "year": 2012, "rating": 5 } , { "month": "November", "year": 2012, "rating": 4 } , { "month": "November", "year": 2012, "rating": 3 } , { "month": "November", "year": 2012, "rating": 4 } , { "month": "November", "year": 2012, "rating": 5 } , 
{ "month": "November", "year": 2012, "rating": 5 } , { "month": "November", "year": 2012, "rating": 5 } , { "month": "November", "year": 2012, "rating": 2 } , { "month": "November", "year": 2012, "rating": 2 } , { "month": "November", "year": 2012, "rating": 5 } , { "month": "November", "year": 2012, "rating": 5 } , { "month": "November", "year": 2012, "rating": 3 } , { "month": "November", "year": 2012, "rating": 5 } , { "month": "November", "year": 2012, "rating": 5 } , { "month": "November", "year": 2012, "rating": 4 } , 
{ "month": "November", "year": 2012, "rating": 5 } , { "month": "November", "year": 2012, "rating": 5 } , { "month": "November", "year": 2012, "rating": 5 } , { "month": "November", "year": 2012, "rating": 5 } , { "month": "November", "year": 2012, "rating": 1 } , { "month": "November", "year": 2012, "rating": 4 } , { "month": "November", "year": 2012, "rating": 2 } , { "month": "November", "year": 2012, "rating": 3 } , { "month": "November", "year": 2012, "rating": 5 } , { "month": "November", "year": 2012, "rating": 4 } , 
{ "month": "November", "year": 2012, "rating": 5 } , { "month": "November", "year": 2012, "rating": 5 } , { "month": "November", "year": 2012, "rating": 5 } , { "month": "November", "year": 2012, "rating": 5 } , { "month": "November", "year": 2012, "rating": 1 } , { "month": "November", "year": 2012, "rating": 5 } , { "month": "November", "year": 2012, "rating": 3 } , { "month": "November", "year": 2012, "rating": 5 } , { "month": "November", "year": 2012, "rating": 5 } , { "month": "November", "year": 2012, "rating": 5 } , 
{ "month": "November", "year": 2012, "rating": 5 } , { "month": "November", "year": 2012, "rating": 3 } , { "month": "November", "year": 2012, "rating": 5 } , { "month": "November", "year": 2012, "rating": 4 } , { "month": "November", "year": 2012, "rating": 5 } , { "month": "November", "year": 2012, "rating": 5 } , { "month": "November", "year": 2012, "rating": 5 } , { "month": "November", "year": 2012, "rating": 5 } , { "month": "November", "year": 2012, "rating": 1 } , { "month": "November", "year": 2012, "rating": 5 } , 
{ "month": "November", "year": 2012, "rating": 1 } , { "month": "November", "year": 2012, "rating": 5 } , { "month": "November", "year": 2012, "rating": 5 } , { "month": "November", "year": 2012, "rating": 3 } , { "month": "November", "year": 2012, "rating": 5 } , { "month": "November", "year": 2012, "rating": 5 } , { "month": "November", "year": 2012, "rating": 4 } , { "month": "November", "year": 2012, "rating": 2 } , { "month": "November", "year": 2012, "rating": 5 } , { "month": "November", "year": 2012, "rating": 1 } , 
{ "month": "November", "year": 2012, "rating": 5 } , { "month": "November", "year": 2012, "rating": 3 } , { "month": "November", "year": 2012, "rating": 3 } , { "month": "November", "year": 2012, "rating": 5 } , { "month": "November", "year": 2012, "rating": 5 } , { "month": "November", "year": 2012, "rating": 3 } , { "month": "November", "year": 2012, "rating": 5 } , { "month": "November", "year": 2012, "rating": 1 } , { "month": "November", "year": 2012, "rating": 1 } , { "month": "November", "year": 2012, "rating": 4 } , 
{ "month": "November", "year": 2012, "rating": 5 } , { "month": "November", "year": 2012, "rating": 5 } , { "month": "November", "year": 2012, "rating": 5 } , { "month": "November", "year": 2012, "rating": 3 } , { "month": "November", "year": 2012, "rating": 4 } , { "month": "November", "year": 2012, "rating": 5 } , { "month": "November", "year": 2012, "rating": 5 } , { "month": "November", "year": 2012, "rating": 5 } , { "month": "October", "year": 2012, "rating": 5 } , { "month": "September", "year": 2012, "rating": 3 }]}
